Agent_ID,Team,Wave,Focus,Test_Count,Status,Completion_Date,Notes
OPT-A3-1,A3,OPT-1,Cognitive Performance Tuning,0,CLAIMED,,Directory exists in 02_CLAIMED/OPT-A3/AGENT-1
OPT-A3-2,A3,OPT-2,Adaptive UI Optimization,0,CLAIMED,,Directory exists in 02_CLAIMED/OPT-A3/AGENT-2
OPT-A4-1,A4,OPT-1,Motor Accessibility Enhancements,0,CLAIMED,,Directory exists in 02_CLAIMED/OPT-A4/AGENT-1
OPT-A4-2,A4,OPT-2,Accessibility Audit,0,CLAIMED,,Directory exists in 02_CLAIMED/OPT-A4/AGENT-2
OPT-H3-1,H3,OPT-1,Animation Performance,0,CLAIMED,,Directory exists in 02_CLAIMED/OPT-H3/AGENT-1
OPT-H3-2,H3,OPT-2,VFX Optimization,0,CLAIMED,,Directory exists in 02_CLAIMED/OPT-H3/AGENT-2
OPT-H3-3,H3,OPT-3,Emote System Polish,0,CLAIMED,,Directory exists in 02_CLAIMED/OPT-H3/AGENT-3
OPT-H4-1,H4,OPT-1,Audio Optimization,0,CLAIMED,,Directory exists in 02_CLAIMED/OPT-H4/AGENT-1
OPT-H4-2,H4,OPT-2,Spatial Audio Tuning,0,CLAIMED,,Directory exists in 02_CLAIMED/OPT-H4/AGENT-2
OPT-S3-1,S3,OPT-1,ML Pipeline Performance,0,CLAIMED,,Directory exists in 02_CLAIMED/OPT-S3/AGENT-1
OPT-S3-2,S3,OPT-2,Model Optimization,0,CLAIMED,,Directory exists in 02_CLAIMED/OPT-S3/AGENT-2
OPT-S4-1,S4,OPT-1,Real-time Data Optimization,0,CLAIMED,,Directory exists in 02_CLAIMED/OPT-S4/AGENT-1
OPT-S4-2,S4,OPT-2,Connection Stability,0,CLAIMED,,Directory exists in 02_CLAIMED/OPT-S4/AGENT-2
OPT-S5-1,S5,OPT-1,Map Rendering Optimization,0,CLAIMED,,Directory exists in 02_CLAIMED/OPT-S5/AGENT-1
OPT-S5-2,S5,OPT-2,3D Performance Tuning,0,CLAIMED,,Directory exists in 02_CLAIMED/OPT-S5/AGENT-2
OPT-S6-1,S6,OPT-1,Ingestion Performance,0,CLAIMED,,Directory exists in 02_CLAIMED/OPT-S6/AGENT-1
OPT-S6-2,S6,OPT-2,Validation Speed,0,CLAIMED,,Directory exists in 02_CLAIMED/OPT-S6/AGENT-2
OPT-EDGE-1,EDGE,OPT-3,Edge Case Handling,0,CLAIMED,,Directory exists in 02_CLAIMED/OPT-EDGE/AGENT-1
OPT-EDGE-2,EDGE,OPT-4,Error Recovery,0,CLAIMED,,Directory exists in 02_CLAIMED/OPT-EDGE/AGENT-2
OPT-EDGE-3,EDGE,OPT-4,Stress Testing,0,CLAIMED,,Directory exists in 02_CLAIMED/OPT-EDGE/AGENT-3
OPT-INT-1,INT,OPT-3,Integration Testing,0,CLAIMED,,Directory exists in 02_CLAIMED/OPT-INT/AGENT-1
OPT-INT-2,INT,OPT-3,End-to-End Validation,0,CLAIMED,,Directory exists in 02_CLAIMED/OPT-INT/AGENT-2
OPT-INT-3,INT,OPT-4,Cross-Team Testing,0,CLAIMED,,Directory exists in 02_CLAIMED/OPT-INT/AGENT-3
OPT-DOC-1,DOC,OPT-3,Documentation Sync,0,CLAIMED,,Directory exists in 02_CLAIMED/OPT-DOC/AGENT-1
OPT-DOC-2,DOC,OPT-4,API Documentation,0,CLAIMED,,Directory exists in 02_CLAIMED/OPT-DOC/AGENT-2
PERF-1,PERF,OPT-4,Load Testing,0,CLAIMED,,Directory exists in 02_CLAIMED/PERF/AGENT-1
PERF-2,PERF,OPT-4,Memory Profiling,0,CLAIMED,,Directory exists in 02_CLAIMED/PERF/AGENT-2
PERF-3,PERF,OPT-4,FPS Benchmarking,0,CLAIMED,,Directory exists in 02_CLAIMED/PERF/AGENT-3
PERF-4,PERF,OPT-4,Network Optimization,0,CLAIMED,,Directory exists in 02_CLAIMED/PERF/AGENT-4
PERF-5,PERF,OPT-4,Bundle Size Optimization,0,CLAIMED,,Directory exists in 02_CLAIMED/PERF/AGENT-5
OPT-RESERVE-1,RESERVE,OPT-4,Future Optimization,0,RESERVED,,
OPT-RESERVE-2,RESERVE,OPT-4,Future Optimization,0,RESERVED,,
